ymd,bWendu,yWendu,tianqi,fengxiang,fengli,aqi,aqiInfo,aqiLevel
2017-01-01,5℃,-3℃,霾~晴,南风,1-2级,450,严重污染,6
2017-01-02,7℃,-6℃,晴~霾,南风,1-2级,246,重度污染,5
2017-01-03,5℃,-5℃,霾,南风,1-2级,320,严重污染,6
2017-01-04,6℃,-5℃,霾,北风,1-2级,360,严重污染,6
2017-01-05,2℃,-4℃,霾,北风,1-2级,280,重度污染,5
2017-01-06,4℃,-2℃,霾,南风,1-2级,234,重度污染,5
2017-01-07,2℃,-3℃,小雪,无持续风向,微风,206,重度污染,5
2017-01-08,5℃,-4℃,阴~晴,北风,1-2级,59,良,2
2017-01-09,3℃,-5℃,晴,南风,1-2级,42,优,1
2017-01-10,4℃,-6℃,晴,北风,3-4级,46,优,1
2017-01-11,5℃,-5℃,晴,南风,1-2级,82,良,2
2017-01-12,5℃,-4℃,晴,南风,1-2级,61,良,2
2017-01-13,3℃,-6℃,晴,北风,3-4级,26,优,1
2017-01-14,3℃,-7℃,晴,东南风,1-2级,35,优,1
2017-01-15,1℃,-6℃,霾,南风,1-2级,71,良,2
2017-01-16,1℃,-5℃,霾,南风,1-2级,123,轻度污染,3
2017-01-17,4℃,-5℃,霾~晴,北风,1-2级,175,中度污染,4
2017-01-18,2℃,-4℃,多云~小雪,南风,1-2级,59,良,2
2017-01-19,1℃,-8℃,晴,北风,5-6级,86,良,2
2017-01-20,1℃,-8℃,晴~多云,西南风,1-2级,35,优,1
2017-01-21,0℃,-8℃,晴,东北风,4-5级,55,良,2
2017-01-22,0℃,-10℃,晴,南风,1-2级,37,优,1
2017-01-23,1℃,-8℃,多云~晴,西南风,1-2级,46,优,1
2017-01-24,4℃,-7℃,多云,南风,1-2级,112,轻度污染,3
2017-01-25,5℃,-4℃,晴~阴,西南风,1-2级,215,重度污染,5
2017-01-26,8℃,-6℃,多云~晴,北风,4-5级,216,重度污染,5
2017-01-27,5℃,-5℃,晴~多云,西南风,3-4级,69,良,2
2017-01-28,4℃,-4℃,多云,南风,1-2级,354,严重污染,6
2017-01-29,1℃,-8℃,多云~晴,北风,4-5级,89,良,2
2017-01-30,1℃,-5℃,多云,南风,1-2级,38,优,1
2017-01-31,5℃,-4℃,晴,南风,1-2级,107,轻度污染,3
2017-02-01,4℃,-7℃,晴,北风,3-4级,45,优,1
2017-02-02,5℃,-5℃,晴,南风,1-2级,109,轻度污染,3
2017-02-03,6℃,-3℃,晴~多云,无持续风向,微风,188,中度污染,4
2017-02-04,9℃,-2℃,晴,北风,1-2级,303,严重污染,6
2017-02-05,8℃,-4℃,晴,北风,1-2级,28,优,1
2017-02-06,4℃,-5℃,多云~阴,南风,1-2级,29,优,1
2017-02-07,1℃,-4℃,小雪~阴,南风,1-2级,99,良,2
2017-02-08,4℃,-7℃,多云~晴,北风,4-5级,64,良,2
2017-02-09,3℃,-5℃,晴,北风,4-5级,28,优,1
2017-02-10,4℃,-6℃,晴,北风,4-5级,30,优,1
2017-02-11,7℃,-5℃,晴,南风,1-2级,54,良,2
2017-02-12,9℃,-3℃,晴,南风,1-2级,138,轻度污染,3
2017-02-13,10℃,-4℃,晴,南风,1-2级,112,轻度污染,3
2017-02-14,8℃,-3℃,晴,南风,1-2级,221,重度污染,5
2017-02-15,8℃,1℃,多云~阴,南风,1-2级,282,重度污染,5
2017-02-16,7℃,-4℃,多云,北风,4-5级,154,中度污染,4
2017-02-17,5℃,-4℃,晴,南风,1-2级,38,优,1
2017-02-18,8℃,-1℃,多云~阴,南风,1-2级,109,轻度污染,3
2017-02-19,15℃,-2℃,多云~晴,北风,4-5级,155,中度污染,4
2017-02-20,6℃,-2℃,多云~阴,北风,3-4级,33,优,1
2017-02-21,1℃,-3℃,小雪,南风,1-2级,82,良,2
2017-02-22,9℃,-3℃,阴~晴,北风,3-4级,109,轻度污染,3
2017-02-23,7℃,-4℃,晴,南风,1-2级,32,优,1
2017-02-24,12℃,-2℃,晴,北风,1-2级,45,优,1
2017-02-25,12℃,-1℃,多云,无持续风向,微风,29,优,1
2017-02-26,13℃,-2℃,晴,无持续风向,微风,44,优,1
2017-02-27,14℃,2℃,晴,南风,1-2级,90,良,2
2017-02-28,15℃,2℃,多云~阴,北风,1-2级,37,优,1
2017-03-01,8℃,-3℃,晴,北风,4-5级,39,优,1
2017-03-02,13℃,-2℃,晴,南风,3-4级,59,良,2
2017-03-03,13℃,-2℃,晴,无持续风向,微风,114,轻度污染,3
2017-03-04,13℃,0℃,多云,南风,1-2级,109,轻度污染,3
2017-03-05,11℃,-2℃,晴,北风,4-5级,46,优,1
2017-03-06,9℃,-3℃,多云~晴,北风,4-5级,42,优,1
2017-03-07,9℃,-1℃,晴,北风,3-4级,29,优,1
2017-03-08,13℃,2℃,晴,北风,3-4级,33,优,1
2017-03-09,15℃,2℃,晴,南风,1-2级,35,优,1
2017-03-10,16℃,4℃,多云~阴,南风,1-2级,53,良,2
2017-03-11,20℃,4℃,阴~晴,南风,1-2级,78,良,2
2017-03-12,13℃,1℃,晴,北风,4-5级,34,优,1
2017-03-13,14℃,2℃,晴,南风,1-2级,32,优,1
2017-03-14,15℃,3℃,晴~多云,南风,1-2级,40,优,1
2017-03-15,16℃,3℃,多云~晴,南风,1-2级,86,良,2
2017-03-16,17℃,6℃,多云,南风,1-2级,151,中度污染,4
2017-03-17,17℃,5℃,阴~多云,南风,1-2级,156,中度污染,4
2017-03-18,20℃,5℃,晴,北风,1-2级,183,中度污染,4
2017-03-19,19℃,7℃,多云~阴,东南风,1-2级,273,重度污染,5
2017-03-20,12℃,6℃,小雨~阴,东风,1-2级,192,中度污染,4
2017-03-21,15℃,4℃,多云,南风,1-2级,110,轻度污染,3
2017-03-22,15℃,7℃,阴~小雨,东风,1-2级,172,中度污染,4
2017-03-23,8℃,2℃,小雨,东风,1-2级,167,中度污染,4
2017-03-24,6℃,0℃,雨夹雪~阴,南风,1-2级,85,良,2
2017-03-25,13℃,4℃,多云,南风,1-2级,55,良,2
2017-03-26,15℃,4℃,多云~晴,北风,3-4级,31,优,1
2017-03-27,15℃,5℃,晴~多云,南风,1-2级,34,优,1
2017-03-28,16℃,4℃,多云~晴,南风,1-2级,80,良,2
2017-03-29,20℃,7℃,晴~多云,西南风,1-2级,146,轻度污染,3
2017-03-30,15℃,5℃,多云,南风,1-2级,123,轻度污染,3
2017-03-31,17℃,5℃,晴,西南风,1-2级,44,优,1
2017-04-01,22℃,5℃,多云,南风,1-2级,60,良,2
2017-04-02,23℃,6℃,多云~晴,无持续风向,微风,92,良,2
2017-04-03,25℃,12℃,多云~阴,南风,1-2级,158,中度污染,4
2017-04-04,20℃,12℃,阴~小雨,南风,3-4级,176,中度污染,4
2017-04-05,19℃,9℃,阴~多云,南风,1-2级,83,良,2
2017-04-06,25℃,10℃,多云~阴,南风,1-2级,124,轻度污染,3
2017-04-07,20℃,14℃,阴,南风,1-2级,106,轻度污染,3
2017-04-08,18℃,7℃,阴~晴,南风,3-4级,118,轻度污染,3
2017-04-09,19℃,8℃,多云,东南风,1-2级,93,良,2
2017-04-10,19℃,10℃,多云,南风,3-4级,91,良,2
2017-04-11,22℃,7℃,晴,北风,3-4级,64,良,2
2017-04-12,25℃,9℃,晴~多云,南风,1-2级,66,良,2
2017-04-13,21℃,8℃,阴,南风,1-2级,93,良,2
2017-04-14,26℃,11℃,多云,南风,1-2级,97,良,2
2017-04-15,29℃,14℃,晴~多云,南风,1-2级,70,良,2
2017-04-16,27℃,14℃,阴,南风,3-4级,130,轻度污染,3
2017-04-17,27℃,12℃,多云,北风,3-4级,191,中度污染,4
2017-04-18,23℃,11℃,晴~阴,北风,4-5级,63,良,2
2017-04-19,20℃,11℃,阴~多云,西北风,1-2级,81,良,2
2017-04-20,22℃,11℃,多云,北风,1-2级,75,良,2
2017-04-21,22℃,9℃,多云~晴,南风,1-2级,52,良,2
2017-04-22,27℃,13℃,多云,南风,3-4级,83,良,2
2017-04-23,24℃,11℃,多云,南风,1-2级,60,良,2
2017-04-24,23℃,11℃,多云,北风,3-4级,69,良,2
2017-04-25,19℃,8℃,多云~晴,南风,1-2级,36,优,1
2017-04-26,24℃,11℃,晴,北风,3-4级,41,优,1
2017-04-27,28℃,13℃,晴,北风,4-5级,45,优,1
2017-04-28,30℃,14℃,晴,北风,3-4级,56,良,2
2017-04-29,33℃,17℃,多云,南风,3-4级,76,良,2
2017-04-30,29℃,13℃,晴~多云,南风,1-2级,108,轻度污染,3
2017-05-01,26℃,14℃,多云,南风,1-2级,87,良,2
2017-05-02,29℃,17℃,多云,南风,3-4级,94,良,2
2017-05-03,28℃,16℃,阴,南风,3-4级,108,轻度污染,3
2017-05-04,27℃,14℃,多云~晴,北风,3-4级,396,严重污染,6
2017-05-05,21℃,11℃,扬沙~晴,北风,4-5级,273,重度污染,5
2017-05-06,29℃,12℃,晴,北风,3-4级,72,良,2
2017-05-07,30℃,15℃,晴~多云,南风,3-4级,62,良,2
2017-05-08,31℃,16℃,多云,南风,3-4级,86,良,2
2017-05-09,29℃,15℃,晴~阵雨,南风,3-4级,82,良,2
2017-05-10,29℃,15℃,晴,南风,3-4级,63,良,2
2017-05-11,31℃,13℃,晴~多云,北风,5-6级,90,良,2
2017-05-12,29℃,15℃,晴~多云,西南风,3-4级,111,轻度污染,3
2017-05-13,28℃,15℃,多云,西北风,4-5级,59,良,2
2017-05-14,27℃,14℃,多云,北风,3-4级,41,优,1
2017-05-15,28℃,15℃,多云,南风,1-2级,49,优,1
2017-05-16,32℃,17℃,多云~晴,南风,3-4级,76,良,2
2017-05-17,34℃,19℃,晴,南风,1-2级,102,轻度污染,3
2017-05-18,35℃,21℃,晴,南风,3-4级,123,轻度污染,3
2017-05-19,36℃,22℃,晴,西南风,3-4级,129,轻度污染,3
2017-05-20,34℃,20℃,晴~多云,南风,3-4级,102,轻度污染,3
2017-05-21,31℃,18℃,阴~阵雨,南风,3-4级,86,良,2
2017-05-22,21℃,16℃,小到中雨~阴,北风,3-4级,57,良,2
2017-05-23,28℃,14℃,晴,南风,1-2级,40,优,1
2017-05-24,33℃,17℃,多云~晴,西南风,3-4级,50,优,1
2017-05-25,30℃,16℃,晴,南风,3-4级,66,良,2
2017-05-26,31℃,17℃,晴,南风,1-2级,80,良,2
2017-05-27,34℃,21℃,晴,南风,1-2级,98,良,2
2017-05-28,36℃,22℃,多云~阴,北风,3-4级,136,轻度污染,3
2017-05-29,27℃,18℃,阴~阵雨,东风,1-2级,70,良,2
2017-05-30,26℃,16℃,阵雨~晴,南风,3-4级,65,良,2
2017-05-31,33℃,19℃,阴~多云,南风,1-2级,106,轻度污染,3
2017-06-01,30℃,17℃,晴~阴,南风,1-2级,63,良,2
2017-06-02,25℃,13℃,阵雨~多云,东风,1-2级,58,良,2
2017-06-03,28℃,16℃,晴,南风,1-2级,54,良,2
2017-06-04,31℃,19℃,多云,西南风,3-4级,83,良,2
2017-06-05,28℃,15℃,阴~小雨,西南风,3-4级,98,良,2
2017-06-06,20℃,14℃,小雨~晴,南风,1-2级,56,良,2
2017-06-07,31℃,18℃,晴~多云,南风,1-2级,72,良,2
2017-06-08,34℃,20℃,多云~晴,南风,1-2级,51,良,2
2017-06-09,37℃,21℃,晴~多云,南风,3-4级,78,良,2
2017-06-10,30℃,17℃,阴~多云,东风,1-2级,62,良,2
2017-06-11,31℃,18℃,阴~多云,南风,1-2级,72,良,2
2017-06-12,27℃,18℃,阴,南风,1-2级,66,良,2
2017-06-13,29℃,17℃,多云~晴,南风,1-2级,62,良,2
2017-06-14,35℃,21℃,晴,西南风,3-4级,69,良,2
2017-06-15,38℃,24℃,晴,南风,1-2级,82,良,2
2017-06-16,36℃,24℃,多云~阴,南风,3-4级,100,良,2
2017-06-17,35℃,25℃,阵雨~多云,南风,3-4级,118,轻度污染,3
2017-06-18,34℃,23℃,阴~雷阵雨,南风,3-4级,114,轻度污染,3
2017-06-19,31℃,21℃,雷阵雨~阴,南风,1-2级,74,良,2
2017-06-20,34℃,22℃,多云~阴,南风,1-2级,77,良,2
2017-06-21,32℃,22℃,阵雨~小到中雨,南风,1-2级,85,良,2
2017-06-22,23℃,20℃,大雨,南风,3-4级,48,优,1
2017-06-23,24℃,19℃,雷阵雨,东风,1-2级,36,优,1
2017-06-24,25℃,18℃,阵雨~阴,北风,3-4级,35,优,1
2017-06-25,30℃,20℃,多云,南风,1-2级,54,良,2
2017-06-26,33℃,21℃,多云~晴,南风,1-2级,56,良,2
2017-06-27,34℃,22℃,多云~晴,南风,1-2级,112,轻度污染,3
2017-06-28,34℃,23℃,多云,南风,1-2级,120,轻度污染,3
2017-06-29,35℃,24℃,雷阵雨~多云,南风,1-2级,103,轻度污染,3
2017-06-30,35℃,25℃,多云,南风,1-2级,108,轻度污染,3
2017-07-01,35℃,25℃,多云,南风,1-2级,122,轻度污染,3
2017-07-02,35℃,24℃,多云~晴,南风,1-2级,139,轻度污染,3
2017-07-03,35℃,24℃,多云~雷阵雨,南风,1-2级,83,良,2
2017-07-04,31℃,23℃,雷阵雨,南风,1-2级,70,良,2
2017-07-05,30℃,23℃,多云~雷阵雨,南风,1-2级,111,轻度污染,3
2017-07-06,25℃,23℃,大雨,东风,1-2级,95,良,2
2017-07-07,32℃,23℃,阴~多云,南风,1-2级,54,良,2
2017-07-08,34℃,25℃,多云~雷阵雨,南风,1-2级,64,良,2
2017-07-09,34℃,23℃,多云,南风,1-2级,114,轻度污染,3
2017-07-10,36℃,19℃,多云,西南风,1-2级,64,良,2
2017-07-11,36℃,26℃,多云,南风,1-2级,95,良,2
2017-07-12,36℃,27℃,多云,南风,1-2级,118,轻度污染,3
2017-07-13,36℃,25℃,多云~雷阵雨,南风,1-2级,94,良,2
2017-07-14,32℃,24℃,雷阵雨~阴,东风,1-2级,60,良,2
2017-07-15,33℃,25℃,阴,东风,1-2级,55,良,2
2017-07-16,34℃,25℃,多云~晴,南风,1-2级,95,良,2
2017-07-17,34℃,25℃,晴~多云,南风,1-2级,76,良,2
2017-07-18,33℃,25℃,阵雨,南风,1-2级,88,良,2
2017-07-19,31℃,25℃,阴~多云,南风,1-2级,98,良,2
2017-07-20,33℃,25℃,雷阵雨~中到大雨,南风,1-2级,123,轻度污染,3
2017-07-21,27℃,23℃,小雨~阵雨,东风,1-2级,44,优,1
2017-07-22,28℃,24℃,阴,南风,1-2级,37,优,1
2017-07-23,28℃,24℃,阵雨,南风,1-2级,59,良,2
2017-07-24,29℃,23℃,阵雨,北风,1-2级,63,良,2
2017-07-25,29℃,22℃,阵雨~阴,南风,1-2级,52,良,2
2017-07-26,24℃,20℃,中雨~阵雨,北风,1-2级,39,优,1
2017-07-27,28℃,23℃,阴~多云,南风,1-2级,58,良,2
2017-07-28,30℃,22℃,多云~阴,南风,1-2级,52,良,2
2017-07-29,30℃,22℃,多云,南风,1-2级,56,良,2
2017-07-30,31℃,21℃,多云~晴,南风,1-2级,70,良,2
2017-07-31,31℃,23℃,晴~多云,南风,1-2级,110,轻度污染,3
2017-08-01,30℃,24℃,阴~雷阵雨,南风,1-2级,94,良,2
2017-08-02,28℃,24℃,中雨~小到中雨,东风,1-2级,52,良,2
2017-08-03,33℃,24℃,阴~晴,南风,1-2级,38,优,1
2017-08-04,36℃,25℃,晴~多云,南风,1-2级,55,良,2
2017-08-05,32℃,23℃,雷阵雨,北风,1-2级,63,良,2
2017-08-06,34℃,24℃,多云~晴,南风,1-2级,42,优,1
2017-08-07,35℃,24℃,多云~晴,南风,1-2级,40,优,1
2017-08-08,33℃,22℃,阴~雷阵雨,东风,1-2级,74,良,2
2017-08-09,30℃,23℃,雷阵雨~晴,南风,1-2级,44,优,1
2017-08-10,32℃,24℃,多云,南风,1-2级,85,良,2
2017-08-11,33℃,23℃,雷阵雨~中雨,东北风,3-4级,122,轻度污染,3
2017-08-12,31℃,22℃,雷阵雨,东风,1-2级,45,优,1
2017-08-13,29℃,23℃,雷阵雨,南风,1-2级,60,良,2
2017-08-14,30℃,23℃,多云,东南风,1-2级,46,优,1
2017-08-15,30℃,23℃,阴~雷阵雨,西南风,1-2级,74,良,2
2017-08-16,28℃,22℃,雷阵雨~阴,东风,1-2级,82,良,2
2017-08-17,29℃,22℃,阴,东北风,1-2级,44,优,1
2017-08-18,29℃,22℃,多云~雷阵雨,东南风,1-2级,73,良,2
2017-08-19,29℃,22℃,雷阵雨~多云,东风,1-2级,62,良,2
2017-08-20,30℃,23℃,多云,西南风,1-2级,82,良,2
2017-08-21,32℃,24℃,多云~雷阵雨,南风,1-2级,98,良,2
2017-08-22,28℃,22℃,雷阵雨~中到大雨,北风,1-2级,99,良,2
2017-08-23,31℃,22℃,阴~多云,东北风,1-2级,49,优,1
2017-08-24,33℃,20℃,晴~多云,北风,1-2级,37,优,1
2017-08-25,32℃,19℃,晴,西风,1-2级,36,优,1
2017-08-26,28℃,19℃,晴~阵雨,西南风,1-2级,49,优,1
2017-08-27,22℃,18℃,中雨~阵雨,北风,1-2级,33,优,1
2017-08-28,28℃,17℃,多云~晴,东北风,1-2级,35,优,1
2017-08-29,25℃,16℃,晴,西南风,1-2级,42,优,1
2017-08-30,27℃,19℃,多云,西南风,1-2级,76,良,2
2017-08-31,27℃,19℃,阴,南风,1-2级,103,轻度污染,3
2017-09-01,27℃,19℃,多云~阴,西南风,1-2级,175,中度污染,4
2017-09-02,26℃,19℃,阴,南风,1-2级,151,中度污染,4
2017-09-03,28℃,19℃,多云,南风,1-2级,76,良,2
2017-09-04,28℃,20℃,阴,西南风,1-2级,118,轻度污染,3
2017-09-05,30℃,19℃,阴~多云,北风,1-2级,67,良,2
2017-09-06,31℃,18℃,晴,北风,1-2级,43,优,1
2017-09-07,31℃,19℃,晴,南风,1-2级,79,良,2
2017-09-08,30℃,20℃,多云,东风,1-2级,137,轻度污染,3
2017-09-09,30℃,21℃,阴,东南风,1-2级,127,轻度污染,3
2017-09-10,28℃,19℃,阵雨~晴,西北风,1-2级,121,轻度污染,3
2017-09-11,29℃,16℃,晴,北风,1-2级,43,优,1
2017-09-12,29℃,19℃,晴~多云,南风,1-2级,49,优,1
2017-09-13,28℃,19℃,多云,东风,1-2级,100,良,2
2017-09-14,28℃,20℃,阴,南风,1-2级,125,轻度污染,3
2017-09-15,28℃,18℃,阴,南风,1-2级,86,良,2
2017-09-16,28℃,18℃,阵雨~多云,西南风,1-2级,117,轻度污染,3
2017-09-17,29℃,16℃,晴,南风,1-2级,39,优,1
2017-09-18,30℃,18℃,晴,西南风,1-2级,58,良,2
2017-09-19,29℃,15℃,晴~多云,西北风,3-4级,46,优,1
2017-09-20,27℃,14℃,晴,南风,1-2级,46,优,1
2017-09-21,29℃,17℃,阵雨,西南风,1-2级,88,良,2
2017-09-22,28℃,14℃,晴,西北风,3-4级,69,良,2
2017-09-23,28℃,17℃,多云~阴,南风,1-2级,116,轻度污染,3
2017-09-24,29℃,18℃,多云~阵雨,东北风,1-2级,104,轻度污染,3
2017-09-25,28℃,18℃,阴,西南风,1-2级,107,轻度污染,3
2017-09-26,23℃,13℃,小雨~阴,北风,3-4级,77,良,2
2017-09-27,23℃,10℃,多云~晴,南风,1-2级,51,良,2
2017-09-28,22℃,11℃,晴~多云,西南风,1-2级,34,优,1
2017-09-29,25℃,11℃,晴,北风,1-2级,71,良,2
2017-09-30,27℃,16℃,多云,南风,1-2级,139,轻度污染,3
2017-10-01,26℃,13℃,多云~阴,北风,3-4级,116,轻度污染,3
2017-10-02,18℃,9℃,小雨~阴,东北风,1-2级,40,优,1
2017-10-03,20℃,9℃,多云~晴,西南风,1-2级,33,优,1
2017-10-04,22℃,10℃,晴,西南风,3-4级,53,良,2
2017-10-05,21℃,11℃,多云,南风,1-2级,75,良,2
2017-10-06,22℃,13℃,多云~阴,南风,1-2级,92,良,2
2017-10-07,20℃,13℃,小雨~阴,东北风,1-2级,143,轻度污染,3
2017-10-08,18℃,13℃,小雨,东北风,1-2级,172,中度污染,4
2017-10-09,15℃,9℃,中雨~小到中雨,北风,3-4级,49,优,1
2017-10-10,11℃,6℃,小雨~阴,北风,1-2级,15,优,1
2017-10-11,16℃,6℃,多云~阴,西风,1-2级,22,优,1
2017-10-12,18℃,9℃,小雨~晴,西南风,1-2级,35,优,1
2017-10-13,18℃,9℃,晴~多云,西南风,1-2级,55,良,2
2017-10-14,13℃,9℃,小雨,东北风,1-2级,36,优,1
2017-10-15,16℃,8℃,阴~多云,北风,1-2级,63,良,2
2017-10-16,18℃,7℃,晴~多云,东北风,1-2级,57,良,2
2017-10-17,16℃,11℃,阴~小雨,南风,1-2级,93,良,2
2017-10-18,15℃,9℃,小雨~多云,南风,1-2级,91,良,2
2017-10-19,18℃,9℃,晴~多云,南风,1-2级,75,良,2
2017-10-20,20℃,11℃,晴~多云,东北风,1-2级,123,轻度污染,3
2017-10-21,18℃,10℃,阴~小雨,东风,1-2级,107,轻度污染,3
2017-10-22,13℃,7℃,阴~多云,西北风,1-2级,54,良,2
2017-10-23,16℃,5℃,多云~晴,南风,1-2级,51,良,2
2017-10-24,18℃,8℃,晴~多云,西南风,1-2级,88,良,2
2017-10-25,15℃,9℃,阴,南风,1-2级,140,轻度污染,3
2017-10-26,17℃,9℃,阴~多云,北风,1-2级,193,中度污染,4
2017-10-27,18℃,9℃,多云~雾,南风,1-2级,211,重度污染,5
2017-10-28,16℃,5℃,多云~晴,北风,3-4级,85,良,2
2017-10-29,12℃,1℃,晴,北风,3-4级,24,优,1
2017-10-30,14℃,2℃,晴,西北风,1-2级,39,优,1
2017-10-31,16℃,4℃,晴,西南风,1-2级,80,良,2
2017-11-01,17℃,5℃,晴~阴,东北风,1-2级,92,良,2
2017-11-02,17℃,3℃,阴~晴,北风,1-2级,79,良,2
2017-11-03,13℃,0℃,晴,北风,3-4级,29,优,1
2017-11-04,14℃,3℃,晴,西南风,1-2级,53,良,2
2017-11-05,15℃,4℃,晴~多云,南风,1-2级,128,轻度污染,3
2017-11-06,15℃,4℃,多云,南风,1-2级,198,中度污染,4
2017-11-07,18℃,4℃,晴,西北风,3-4级,137,轻度污染,3
2017-11-08,13℃,4℃,多云~阴,南风,1-2级,40,优,1
2017-11-09,13℃,5℃,阴~多云,西北风,1-2级,74,良,2
2017-11-10,11℃,-1℃,晴,西北风,5-6级,42,优,1
2017-11-11,10℃,0℃,晴~多云,南风,1-2级,33,优,1
2017-11-12,11℃,0℃,多云~晴,西南风,1-2级,75,良,2
2017-11-13,12℃,0℃,晴,北风,4-5级,67,良,2
2017-11-14,8℃,-4℃,晴,西风,1-2级,27,优,1
2017-11-15,7℃,-3℃,晴,南风,1-2级,37,优,1
2017-11-16,7℃,-1℃,晴,南风,1-2级,76,良,2
2017-11-17,6℃,-4℃,多云~晴,北风,5-6级,60,良,2
2017-11-18,5℃,-6℃,晴,西南风,3-4级,50,优,1
2017-11-19,7℃,-5℃,多云,西南风,1-2级,115,轻度污染,3
2017-11-20,9℃,-3℃,晴~多云,西北风,1-2级,135,轻度污染,3
2017-11-21,8℃,-2℃,多云~晴,西南风,3-4级,171,中度污染,4
2017-11-22,7℃,-5℃,多云~晴,西北风,3-4级,36,优,1
2017-11-23,7℃,-4℃,多云,西风,1-2级,30,优,1
2017-11-24,7℃,-5℃,多云,西南风,3-4级,37,优,1
2017-11-25,7℃,-4℃,阴~多云,南风,1-2级,65,良,2
2017-11-26,4℃,-4℃,晴,东南风,1-2级,29,优,1
2017-11-27,7℃,-3℃,多云,南风,1-2级,90,良,2
2017-11-28,7℃,-5℃,晴~多云,西北风,1-2级,78,良,2
2017-11-29,1℃,-6℃,多云,南风,1-2级,32,优,1
2017-11-30,4℃,-5℃,晴,西南风,3-4级,43,优,1
2017-12-01,5℃,-5℃,晴,西南风,1-2级,91,良,2
2017-12-02,6℃,-4℃,晴~多云,西南风,1-2级,184,中度污染,4
2017-12-03,5℃,-5℃,多云~晴,北风,3-4级,88,良,2
2017-12-04,4℃,-6℃,多云,西北风,3-4级,26,优,1
2017-12-05,7℃,-4℃,晴,西南风,1-2级,43,优,1
2017-12-06,8℃,-4℃,多云,西北风,1-2级,51,良,2
2017-12-07,5℃,-5℃,多云~晴,西北风,3-4级,27,优,1
2017-12-08,6℃,-4℃,晴,西南风,1-2级,40,优,1
2017-12-09,6℃,-4℃,多云~晴,西南风,1-2级,57,良,2
2017-12-10,4℃,-5℃,晴~多云,西北风,4-5级,43,优,1
2017-12-11,1℃,-8℃,多云~晴,东北风,3-4级,24,优,1
2017-12-12,-1℃,-8℃,多云,东北风,1-2级,26,优,1
2017-12-13,0℃,-5℃,晴~多云,东风,1-2级,50,优,1
2017-12-14,0℃,-4℃,阴~多云,南风,1-2级,91,良,2
2017-12-15,4℃,-6℃,多云~晴,无持续风向,微风,67,良,2
2017-12-16,0℃,-8℃,晴,西北风,3-4级,39,优,1
2017-12-17,5℃,-5℃,晴,西南风,1-2级,47,优,1
2017-12-18,6℃,-6℃,晴,西北风,3-4级,49,优,1
2017-12-19,4℃,-4℃,多云~阴,西南风,1-2级,55,良,2
2017-12-20,6℃,-5℃,多云~晴,北风,1-2级,45,优,1
2017-12-21,7℃,-6℃,晴,西南风,1-2级,69,良,2
2017-12-22,9℃,-6℃,多云,北风,1-2级,68,良,2
2017-12-23,6℃,-3℃,晴~多云,西南风,1-2级,51,良,2
2017-12-24,5℃,-7℃,晴,西北风,3-4级,50,优,1
2017-12-25,5℃,-4℃,晴,南风,1-2级,44,优,1
2017-12-26,3℃,-6℃,晴~多云,南风,1-2级,42,优,1
2017-12-27,4℃,-5℃,多云~晴,北风,1-2级,98,良,2
2017-12-28,5℃,-4℃,晴,北风,1-2级,138,轻度污染,3
2017-12-29,4℃,-3℃,多云,东风,1-2级,215,重度污染,5
2017-12-30,6℃,-6℃,晴,北风,3-4级,162,中度污染,4
2017-12-31,4℃,-6℃,晴,南风,1-2级,54,良,2
2018-01-01,3℃,-6℃,晴~多云,东北风,1-2级,59,良,2
2018-01-02,2℃,-5℃,阴~多云,东北风,1-2级,49,优,1
2018-01-03,2℃,-5℃,多云,北风,1-2级,28,优,1
2018-01-04,0℃,-8℃,阴,东北风,1-2级,28,优,1
2018-01-05,3℃,-6℃,多云~晴,西北风,1-2级,50,优,1
2018-01-06,2℃,-5℃,多云~阴,西南风,1-2级,32,优,1
2018-01-07,2℃,-4℃,阴~多云,西南风,1-2级,59,良,2
2018-01-08,2℃,-6℃,晴,西北风,4-5级,50,优,1
2018-01-09,1℃,-8℃,晴,西北风,3-4级,34,优,1
2018-01-10,-2℃,-10℃,晴,西北风,1-2级,26,优,1
2018-01-11,-1℃,-10℃,晴,北风,1-2级,24,优,1
2018-01-12,2℃,-8℃,晴,西南风,1-2级,75,良,2
2018-01-13,3℃,-7℃,多云,南风,1-2级,126,轻度污染,3
2018-01-14,6℃,-5℃,晴~多云,西北风,1-2级,187,中度污染,4
2018-01-15,2℃,-5℃,阴,东南风,1-2级,47,优,1
2018-01-16,4℃,-5℃,多云,南风,1-2级,112,轻度污染,3
2018-01-17,6℃,-7℃,多云~晴,西北风,1-2级,82,良,2
2018-01-18,5℃,-6℃,晴,西南风,1-2级,80,良,2
2018-01-19,7℃,-4℃,晴,南风,1-2级,115,轻度污染,3
2018-01-20,3℃,-6℃,晴~多云,东风,1-2级,64,良,2
2018-01-21,0℃,-5℃,阴~小雪,东北风,1-2级,63,良,2
2018-01-22,-3℃,-10℃,小雪~多云,东风,1-2级,47,优,1
2018-01-23,-4℃,-12℃,晴,西北风,3-4级,31,优,1
2018-01-24,-4℃,-11℃,晴,西南风,1-2级,34,优,1
2018-01-25,-3℃,-11℃,多云,东北风,1-2级,27,优,1
2018-01-26,-3℃,-10℃,晴~多云,南风,1-2级,39,优,1
2018-01-27,-1℃,-9℃,多云,南风,1-2级,105,轻度污染,3
2018-01-28,-1℃,-9℃,晴,西北风,3-4级,55,良,2
2018-01-29,1℃,-8℃,晴,西北风,1-2级,57,良,2
2018-01-30,4℃,-7℃,晴,西北风,1-2级,36,优,1
2018-01-31,3℃,-8℃,晴,西南风,1-2级,60,良,2
2018-02-01,4℃,-7℃,多云,北风,1-2级,68,良,2
2018-02-02,-1℃,-9℃,晴,北风,3-4级,32,优,1
2018-02-03,0℃,-9℃,多云,北风,1-2级,24,优,1
2018-02-04,1℃,-8℃,晴,西南风,1-2级,36,优,1
2018-02-05,0℃,-10℃,晴,北风,3-4级,24,优,1
2018-02-06,3℃,-7℃,多云~阴,西南风,1-2级,56,良,2
2018-02-07,2℃,-10℃,多云~晴,北风,4-5级,63,良,2
2018-02-08,3℃,-7℃,多云,南风,3-4级,67,良,2
2018-02-09,4℃,-9℃,多云,西北风,4-5级,93,良,2
2018-02-10,1℃,-9℃,晴,西北风,3-4级,39,优,1
2018-02-11,0℃,-9℃,晴,西北风,4-5级,62,良,2
2018-02-12,5℃,-7℃,晴,西北风,1-2级,53,良,2
2018-02-13,8℃,-4℃,晴~多云,西风,1-2级,78,良,2
2018-02-14,6℃,-6℃,多云,北风,1-2级,42,优,1
2018-02-15,5℃,-5℃,多云,西南风,1-2级,48,优,1
2018-02-16,8℃,-5℃,晴~多云,西南风,1-2级,118,轻度污染,3
2018-02-17,5℃,-4℃,多云~阴,南风,1-2级,103,轻度污染,3
2018-02-18,8℃,-3℃,多云,南风,1-2级,148,轻度污染,3
2018-02-19,6℃,-3℃,多云,南风,1-2级,183,中度污染,4
2018-02-20,5℃,-5℃,晴,北风,1-2级,76,良,2
2018-02-21,8℃,-4℃,晴,南风,1-2级,53,良,2
2018-02-22,9℃,-4℃,多云,西南风,1-2级,42,优,1
2018-02-23,10℃,-4℃,多云,东北风,1-2级,45,优,1
2018-02-24,3℃,-6℃,多云~晴,南风,1-2级,66,良,2
2018-02-25,6℃,-4℃,多云,西南风,1-2级,73,良,2
2018-02-26,12℃,-1℃,晴~多云,西南风,1-2级,157,中度污染,4
2018-02-27,7℃,0℃,阴,东风,1-2级,220,重度污染,5
2018-02-28,9℃,-2℃,多云~晴,西南风,3-4级,139,轻度污染,3
2018-03-01,8℃,-3℃,多云,西南风,1-2级,46,优,1
2018-03-02,9℃,-1℃,晴~多云,北风,1-2级,95,良,2
2018-03-03,13℃,3℃,多云~阴,北风,1-2级,214,重度污染,5
2018-03-04,7℃,-2℃,阴~多云,东南风,1-2级,144,轻度污染,3
2018-03-05,8℃,-3℃,晴,南风,1-2级,94,良,2
2018-03-06,6℃,-3℃,多云~阴,东南风,3-4级,67,良,2
2018-03-07,6℃,-2℃,阴~多云,北风,1-2级,65,良,2
2018-03-08,8℃,-4℃,晴,东北风,1-2级,62,良,2
2018-03-09,10℃,-2℃,多云,西南风,1-2级,132,轻度污染,3
2018-03-10,14℃,-2℃,晴,东南风,1-2级,171,中度污染,4
2018-03-11,11℃,0℃,多云,南风,1-2级,81,良,2
2018-03-12,15℃,3℃,多云~晴,南风,1-2级,174,中度污染,4
2018-03-13,17℃,5℃,晴~多云,南风,1-2级,287,重度污染,5
2018-03-14,15℃,6℃,多云~阴,东北风,1-2级,293,重度污染,5
2018-03-15,12℃,-1℃,多云~晴,东北风,3-4级,70,良,2
2018-03-16,10℃,-1℃,多云,南风,1-2级,58,良,2
2018-03-17,4℃,0℃,小雨~阴,南风,1-2级,81,良,2
2018-03-18,13℃,1℃,多云~晴,西南风,1-2级,134,轻度污染,3
2018-03-19,13℃,2℃,多云,东风,1-2级,107,轻度污染,3
2018-03-20,10℃,-2℃,多云,南风,1-2级,41,优,1
2018-03-21,11℃,1℃,多云,西南风,1-2级,76,良,2
2018-03-22,17℃,4℃,晴~多云,西南风,1-2级,112,轻度污染,3
2018-03-23,18℃,5℃,多云,北风,1-2级,146,轻度污染,3
2018-03-24,22℃,5℃,晴,西南风,1-2级,119,轻度污染,3
2018-03-25,24℃,7℃,晴,南风,1-2级,78,良,2
2018-03-26,25℃,7℃,多云,西南风,1-2级,151,中度污染,4
2018-03-27,27℃,11℃,晴,南风,1-2级,243,重度污染,5
2018-03-28,25℃,9℃,多云~晴,东风,1-2级,387,严重污染,6
2018-03-29,19℃,7℃,晴,南风,1-2级,119,轻度污染,3
2018-03-30,18℃,8℃,多云,南风,1-2级,68,良,2
2018-03-31,23℃,9℃,多云~晴,南风,1-2级,125,轻度污染,3
2018-04-01,25℃,11℃,晴~多云,南风,1-2级,218,重度污染,5
2018-04-02,26℃,11℃,多云,北风,1-2级,287,重度污染,5
2018-04-03,14℃,6℃,多云~阴,东北风,3-4级,80,良,2
2018-04-04,10℃,1℃,小雨~雨夹雪,东北风,1-2级,35,优,1
2018-04-05,10℃,3℃,多云,西南风,1-2级,73,良,2
2018-04-06,11℃,4℃,多云~晴,北风,4-5级,86,良,2
2018-04-07,12℃,2℃,多云~晴,西北风,3-4级,42,优,1
2018-04-08,18℃,5℃,晴,西南风,1-2级,68,良,2
2018-04-09,20℃,7℃,晴~多云,南风,1-2级,111,轻度污染,3
2018-04-10,24℃,8℃,多云~晴,西北风,4-5级,101,轻度污染,3
2018-04-11,23℃,9℃,晴,西南风,3-4级,48,优,1
2018-04-12,22℃,7℃,多云~小雨,东南风,1-2级,79,良,2
2018-04-13,11℃,6℃,小雨~多云,东南风,1-2级,64,良,2
2018-04-14,19℃,5℃,多云~晴,北风,4-5级,122,轻度污染,3
2018-04-15,21℃,8℃,晴,西南风,1-2级,72,良,2
2018-04-16,23℃,12℃,晴~多云,南风,1-2级,103,轻度污染,3
2018-04-17,25℃,12℃,多云~晴,南风,1-2级,145,轻度污染,3
2018-04-18,27℃,14℃,多云~晴,西南风,3-4级,147,轻度污染,3
2018-04-19,26℃,13℃,多云,东南风,4-5级,170,中度污染,4
2018-04-20,28℃,14℃,多云~小雨,南风,4-5级,164,中度污染,4
2018-04-21,16℃,12℃,大雨~小雨,东北风,3-4级,105,轻度污染,3
2018-04-22,16℃,12℃,阴~多云,东北风,3-4级,27,优,1
2018-04-23,19℃,9℃,多云,东北风,3-4级,34,优,1
2018-04-24,23℃,10℃,晴,北风,3-4级,41,优,1
2018-04-25,25℃,11℃,晴,西南风,3-4级,55,良,2
2018-04-26,26℃,12℃,多云~晴,西北风,1-2级,117,轻度污染,3
2018-04-27,25℃,13℃,晴,西南风,3-4级,112,轻度污染,3
2018-04-28,27℃,17℃,晴,西南风,3-4级,125,轻度污染,3
2018-04-29,30℃,16℃,多云,南风,3-4级,193,中度污染,4
2018-04-30,24℃,14℃,多云,南风,3-4级,62,良,2
2018-05-01,25℃,13℃,阴,东北风,3-4级,121,轻度污染,3
2018-05-02,25℃,13℃,多云~晴,北风,3-4级,44,优,1
2018-05-03,24℃,12℃,晴,北风,1-2级,48,优,1
2018-05-04,27℃,16℃,晴~多云,西南风,1-2级,86,良,2
2018-05-05,25℃,13℃,多云,北风,3-4级,177,中度污染,4
2018-05-06,28℃,14℃,晴,西南风,1-2级,126,轻度污染,3
2018-05-07,28℃,13℃,晴,南风,3-4级,100,良,2
2018-05-08,27℃,13℃,晴,东南风,3-4级,64,良,2
2018-05-09,29℃,17℃,晴~多云,西南风,3-4级,79,良,2
2018-05-10,26℃,18℃,多云,南风,3-4级,118,轻度污染,3
2018-05-11,24℃,15℃,阴~多云,东风,1-2级,106,轻度污染,3
2018-05-12,28℃,16℃,小雨,东南风,3-4级,186,中度污染,4
2018-05-13,30℃,17℃,晴,南风,1-2级,68,良,2
2018-05-14,34℃,22℃,晴~多云,南风,3-4级,158,中度污染,4
2018-05-15,31℃,22℃,小雨,南风,1-2级,93,良,2
2018-05-16,29℃,21℃,多云~小雨,东风,1-2级,142,轻度污染,3
2018-05-17,25℃,19℃,小雨~多云,北风,1-2级,70,良,2
2018-05-18,28℃,16℃,多云~晴,南风,1-2级,49,优,1
2018-05-19,27℃,16℃,多云~小雨,南风,1-2级,69,良,2
2018-05-20,21℃,16℃,阴~小雨,东风,1-2级,54,良,2
2018-05-21,18℃,14℃,小雨,东南风,1-2级,84,良,2
2018-05-22,25℃,10℃,多云~晴,西风,4-5级,103,轻度污染,3
2018-05-23,29℃,15℃,晴,西南风,3-4级,153,中度污染,4
2018-05-24,31℃,17℃,晴,南风,3-4级,99,良,2
2018-05-25,31℃,19℃,多云,西南风,1-2级,98,良,2
2018-05-26,30℃,17℃,小雨~多云,西南风,3-4级,143,轻度污染,3
2018-05-27,32℃,17℃,多云,西南风,3-4级,89,良,2
2018-05-28,30℃,16℃,晴,西北风,4-5级,178,中度污染,4
2018-05-29,31℃,16℃,多云,西北风,1-2级,41,优,1
2018-05-30,33℃,18℃,晴,西风,1-2级,46,优,1
2018-05-31,35℃,19℃,晴,南风,1-2级,79,良,2
2018-06-01,36℃,21℃,晴,西南风,3-4级,72,良,2
2018-06-02,35℃,21℃,多云,南风,3-4级,98,良,2
2018-06-03,32℃,19℃,多云,北风,1-2级,92,良,2
2018-06-04,35℃,20℃,晴,西南风,3-4级,69,良,2
2018-06-05,38℃,25℃,多云,西南风,4-5级,94,良,2
2018-06-06,36℃,25℃,多云,东风,1-2级,102,轻度污染,3
2018-06-07,33℃,22℃,多云,西南风,1-2级,60,良,2
2018-06-08,32℃,19℃,多云~雷阵雨,西南风,1-2级,43,优,1
2018-06-09,23℃,17℃,小雨,北风,1-2级,45,优,1
2018-06-10,27℃,17℃,多云,东南风,1-2级,51,良,2
2018-06-11,29℃,19℃,多云,西南风,3-4级,85,良,2
2018-06-12,32℃,19℃,多云~雷阵雨,东南风,1-2级,116,轻度污染,3
2018-06-13,28℃,19℃,雷阵雨~多云,东北风,1-2级,73,良,2
2018-06-14,31℃,20℃,多云,南风,1-2级,54,良,2
2018-06-15,32℃,20℃,多云,东南风,3-4级,117,轻度污染,3
2018-06-16,31℃,21℃,多云~雷阵雨,南风,1-2级,103,轻度污染,3
2018-06-17,31℃,22℃,阴~雷阵雨,南风,1-2级,71,良,2
2018-06-18,30℃,21℃,雷阵雨,西南风,1-2级,112,轻度污染,3
2018-06-19,32℃,20℃,多云~晴,东北风,1-2级,81,良,2
2018-06-20,35℃,21℃,晴,南风,1-2级,71,良,2
2018-06-21,35℃,24℃,多云,南风,1-2级,73,良,2
2018-06-22,30℃,21℃,雷阵雨~多云,东南风,1-2级,83,良,2
2018-06-23,35℃,24℃,多云~晴,南风,1-2级,104,轻度污染,3
2018-06-24,36℃,25℃,多云,南风,3-4级,98,良,2
2018-06-25,34℃,24℃,雷阵雨,南风,1-2级,101,轻度污染,3
2018-06-26,36℃,25℃,晴,西南风,3-4级,174,中度污染,4
2018-06-27,37℃,25℃,多云,东北风,3-4级,54,良,2
2018-06-28,35℃,24℃,多云~晴,北风,1-2级,33,优,1
2018-06-29,37℃,25℃,晴,南风,1-2级,59,良,2
2018-06-30,37℃,23℃,雷阵雨~多云,东南风,3-4级,81,良,2
2018-07-01,35℃,23℃,晴,东南风,1-2级,68,良,2
2018-07-02,32℃,23℃,多云~雷阵雨,东南风,3-4级,66,良,2
2018-07-03,32℃,24℃,雷阵雨~多云,东南风,1-2级,76,良,2
2018-07-04,35℃,26℃,多云,西南风,1-2级,96,良,2
2018-07-05,37℃,24℃,多云~雷阵雨,东南风,1-2级,104,轻度污染,3
2018-07-06,33℃,23℃,多云~雷阵雨,东南风,3-4级,71,良,2
2018-07-07,31℃,23℃,雷阵雨,东南风,1-2级,72,良,2
2018-07-08,30℃,23℃,雷阵雨,南风,1-2级,73,良,2
2018-07-09,30℃,22℃,雷阵雨~多云,东南风,1-2级,106,轻度污染,3
2018-07-10,30℃,22℃,多云~雷阵雨,南风,1-2级,48,优,1
2018-07-11,25℃,22℃,雷阵雨~大雨,东北风,1-2级,44,优,1
2018-07-12,27℃,22℃,多云,南风,1-2级,46,优,1
2018-07-13,28℃,23℃,雷阵雨,东风,1-2级,60,良,2
2018-07-14,31℃,24℃,雷阵雨~多云,东南风,1-2级,73,良,2
2018-07-15,32℃,25℃,雷阵雨,南风,1-2级,87,良,2
2018-07-16,31℃,24℃,中雨~雷阵雨,南风,1-2级,43,优,1
2018-07-17,27℃,23℃,中雨~雷阵雨,西风,1-2级,28,优,1
2018-07-18,33℃,25℃,多云,南风,1-2级,99,良,2
2018-07-19,33℃,27℃,多云~雷阵雨,南风,1-2级,91,良,2
2018-07-20,33℃,27℃,多云,西南风,3-4级,116,轻度污染,3
2018-07-21,34℃,26℃,多云~雷阵雨,南风,3-4级,96,良,2
2018-07-22,34℃,25℃,多云,东南风,1-2级,66,良,2
2018-07-23,32℃,25℃,小雨~大雨,东风,1-2级,75,良,2
2018-07-24,28℃,26℃,暴雨~雷阵雨,东北风,3-4级,29,优,1
2018-07-25,32℃,25℃,多云,北风,1-2级,28,优,1
2018-07-26,33℃,25℃,多云~雷阵雨,东北风,1-2级,40,优,1
2018-07-27,32℃,23℃,多云,东北风,1-2级,65,良,2
2018-07-28,33℃,24℃,多云~晴,东南风,1-2级,83,良,2
2018-07-29,33℃,25℃,多云,东南风,1-2级,101,轻度污染,3
2018-07-30,34℃,25℃,晴,东南风,1-2级,104,轻度污染,3
2018-07-31,35℃,26℃,晴,南风,1-2级,99,良,2
2018-08-01,35℃,27℃,多云~雷阵雨,东南风,1-2级,91,良,2
2018-08-02,36℃,26℃,多云~晴,南风,1-2级,118,轻度污染,3
2018-08-03,36℃,26℃,晴,南风,1-2级,86,良,2
2018-08-04,36℃,27℃,晴~多云,南风,1-2级,96,良,2
2018-08-05,35℃,25℃,雷阵雨~中雨,东风,1-2级,61,良,2
2018-08-06,30℃,25℃,小雨~雷阵雨,东风,1-2级,52,良,2
2018-08-07,29℃,24℃,雷阵雨~中雨,东南风,1-2级,85,良,2
2018-08-08,29℃,24℃,雷阵雨~阴,东北风,1-2级,45,优,1
2018-08-09,30℃,24℃,多云,南风,1-2级,49,优,1
2018-08-10,33℃,25℃,多云~雷阵雨,南风,1-2级,71,良,2
2018-08-11,30℃,23℃,雷阵雨~中雨,东风,1-2级,60,良,2
2018-08-12,30℃,24℃,雷阵雨,东南风,1-2级,74,良,2
2018-08-13,31℃,24℃,雷阵雨~中雨,东北风,1-2级,62,良,2
2018-08-14,29℃,24℃,中雨~小雨,东北风,1-2级,42,优,1
2018-08-15,32℃,24℃,多云,东北风,3-4级,33,优,1
2018-08-16,30℃,21℃,晴~多云,东北风,1-2级,40,优,1
2018-08-17,30℃,22℃,多云~雷阵雨,东南风,1-2级,69,良,2
2018-08-18,28℃,23℃,小雨~中雨,北风,3-4级,40,优,1
2018-08-19,26℃,23℃,中雨~小雨,东北风,1-2级,37,优,1
2018-08-20,32℃,23℃,多云~晴,北风,1-2级,41,优,1
2018-08-21,32℃,22℃,多云,北风,1-2级,38,优,1
2018-08-22,28℃,21℃,雷阵雨~多云,西南风,1-2级,48,优,1
2018-08-23,31℃,21℃,多云,北风,1-2级,43,优,1
2018-08-24,30℃,20℃,晴,北风,1-2级,40,优,1
2018-08-25,31℃,22℃,多云~小雨,南风,1-2级,62,良,2
2018-08-26,31℃,22℃,雷阵雨,东南风,1-2级,76,良,2
2018-08-27,30℃,22℃,多云~雷阵雨,东南风,1-2级,89,良,2
2018-08-28,29℃,22℃,小雨~多云,南风,1-2级,58,良,2
2018-08-29,31℃,20℃,晴~多云,北风,3-4级,44,优,1
2018-08-30,29℃,20℃,多云,南风,1-2级,47,优,1
2018-08-31,29℃,20℃,多云~阴,东南风,1-2级,48,优,1
2018-09-01,27℃,19℃,阴~小雨,南风,1-2级,50,优,1
2018-09-02,27℃,19℃,小雨~多云,南风,1-2级,55,良,2
2018-09-03,30℃,19℃,晴,北风,3-4级,70,良,2
2018-09-04,31℃,18℃,晴,西南风,3-4级,24,优,1
2018-09-05,31℃,19℃,晴~多云,西南风,3-4级,34,优,1
2018-09-06,27℃,18℃,多云~晴,西北风,4-5级,37,优,1
2018-09-07,27℃,16℃,晴,西北风,3-4级,22,优,1
2018-09-08,27℃,15℃,多云~晴,北风,1-2级,28,优,1
2018-09-09,28℃,16℃,晴,西南风,1-2级,51,良,2
2018-09-10,28℃,19℃,多云,南风,1-2级,65,良,2
2018-09-11,26℃,19℃,多云,南风,1-2级,68,良,2
2018-09-12,29℃,19℃,多云,南风,1-2级,59,良,2
2018-09-13,29℃,20℃,多云~阴,南风,1-2级,107,轻度污染,3
2018-09-14,28℃,19℃,小雨~多云,南风,1-2级,128,轻度污染,3
2018-09-15,26℃,15℃,多云,北风,3-4级,42,优,1
2018-09-16,25℃,14℃,多云~晴,北风,1-2级,29,优,1
2018-09-17,27℃,17℃,多云~阴,北风,1-2级,37,优,1
2018-09-18,25℃,17℃,阴~多云,西南风,1-2级,50,优,1
2018-09-19,26℃,17℃,多云,南风,1-2级,52,良,2
2018-09-20,27℃,16℃,多云,西南风,1-2级,63,良,2
2018-09-21,25℃,14℃,晴,西北风,3-4级,50,优,1
2018-09-22,24℃,13℃,晴,西北风,3-4级,28,优,1
2018-09-23,23℃,12℃,晴,西北风,4-5级,28,优,1
2018-09-24,23℃,11℃,晴,北风,1-2级,28,优,1
2018-09-25,24℃,12℃,晴~多云,南风,1-2级,44,优,1
2018-09-26,24℃,14℃,多云,南风,1-2级,53,良,2
2018-09-27,22℃,12℃,小雨,南风,1-2级,84,良,2
2018-09-28,24℃,11℃,多云,西南风,3-4级,84,良,2
2018-09-29,22℃,11℃,晴,北风,3-4级,21,优,1
2018-09-30,19℃,13℃,多云,西北风,4-5级,22,优,1
2018-10-01,24℃,12℃,晴,北风,4-5级,25,优,1
2018-10-02,24℃,11℃,晴,西北风,1-2级,31,优,1
2018-10-03,25℃,10℃,晴,北风,1-2级,36,优,1
2018-10-04,25℃,12℃,晴,南风,1-2级,65,良,2
2018-10-05,24℃,14℃,多云,南风,1-2级,105,轻度污染,3
2018-10-06,20℃,8℃,晴,北风,4-5级,32,优,1
2018-10-07,21℃,7℃,晴,西风,1-2级,35,优,1
2018-10-08,21℃,8℃,多云,北风,1-2级,37,优,1
2018-10-09,15℃,4℃,多云~晴,西北风,4-5级,21,优,1
2018-10-10,17℃,4℃,多云~晴,西北风,1-2级,25,优,1
2018-10-11,18℃,5℃,晴~多云,北风,1-2级,30,优,1
2018-10-12,20℃,8℃,多云~晴,南风,1-2级,62,良,2
2018-10-13,20℃,8℃,多云,西北风,1-2级,106,轻度污染,3
2018-10-14,21℃,10℃,多云,南风,1-2级,177,中度污染,4
2018-10-15,17℃,11℃,小雨,北风,1-2级,198,中度污染,4
2018-10-16,17℃,7℃,多云~晴,东北风,1-2级,88,良,2
2018-10-17,17℃,5℃,晴,北风,1-2级,54,良,2
2018-10-18,18℃,5℃,晴,南风,1-2级,49,优,1
2018-10-19,19℃,7℃,多云,南风,1-2级,60,良,2
2018-10-20,18℃,7℃,多云,南风,1-2级,86,良,2
2018-10-21,18℃,7℃,多云,南风,1-2级,143,轻度污染,3
2018-10-22,19℃,5℃,多云~晴,西北风,1-2级,176,中度污染,4
2018-10-23,19℃,4℃,晴,西南风,3-4级,37,优,1
2018-10-24,20℃,6℃,晴~多云,南风,1-2级,70,良,2
2018-10-25,15℃,8℃,多云,西风,1-2级,119,轻度污染,3
2018-10-26,14℃,3℃,晴,西北风,4-5级,46,优,1
2018-10-27,17℃,5℃,多云,西南风,1-2级,33,优,1
2018-10-28,17℃,4℃,多云~晴,西北风,4-5级,32,优,1
2018-10-29,15℃,3℃,晴,北风,3-4级,22,优,1
2018-10-30,16℃,1℃,晴,北风,1-2级,33,优,1
2018-10-31,17℃,3℃,晴,西南风,1-2级,47,优,1
2018-11-01,17℃,3℃,晴,南风,1-2级,69,良,2
2018-11-02,18℃,4℃,晴,南风,1-2级,149,轻度污染,3
2018-11-03,16℃,6℃,多云,南风,1-2级,206,重度污染,5
2018-11-04,10℃,2℃,小雨~多云,北风,3-4级,115,轻度污染,3
2018-11-05,10℃,2℃,多云,西南风,1-2级,30,优,1
2018-11-06,12℃,0℃,多云,北风,1-2级,33,优,1
2018-11-07,13℃,3℃,多云,西南风,1-2级,49,优,1
2018-11-08,14℃,2℃,多云,西南风,1-2级,90,良,2
2018-11-09,15℃,1℃,晴~多云,北风,3-4级,69,良,2
2018-11-10,11℃,0℃,多云,北风,1-2级,35,优,1
2018-11-11,13℃,1℃,多云~晴,西南风,1-2级,70,良,2
2018-11-12,14℃,2℃,晴,南风,1-2级,124,轻度污染,3
2018-11-13,13℃,5℃,多云,东南风,1-2级,219,重度污染,5
2018-11-14,13℃,5℃,多云,南风,1-2级,266,重度污染,5
2018-11-15,8℃,1℃,小雨~多云,北风,3-4级,100,良,2
2018-11-16,8℃,-1℃,晴~多云,北风,1-2级,28,优,1
2018-11-17,9℃,-2℃,多云~晴,西南风,1-2级,66,良,2
2018-11-18,11℃,-3℃,晴,西北风,3-4级,70,良,2
2018-11-19,10℃,-2℃,晴~多云,南风,1-2级,78,良,2
2018-11-20,9℃,-1℃,多云,北风,1-2级,74,良,2
2018-11-21,9℃,-3℃,晴,西北风,2级,43,优,1
2018-11-22,8℃,-3℃,晴~多云,东南风,1级,55,良,2
2018-11-23,7℃,0℃,多云,东北风,2级,93,良,2
2018-11-24,9℃,-3℃,晴,西南风,1级,114,轻度污染,3
2018-11-25,10℃,-3℃,晴,东南风,1级,120,轻度污染,3
2018-11-26,10℃,0℃,多云,东南风,1级,245,重度污染,5
2018-11-27,9℃,-3℃,晴~多云,西北风,2级,198,中度污染,4
2018-11-28,8℃,-3℃,晴,东北风,1级,115,轻度污染,3
2018-11-29,7℃,-4℃,晴,东南风,1级,107,轻度污染,3
2018-11-30,8℃,-3℃,晴,东南风,1级,123,轻度污染,3
2018-12-01,7℃,0℃,多云,东南风,1级,163,中度污染,4
2018-12-02,9℃,2℃,雾~多云,东北风,1级,234,重度污染,5
2018-12-03,8℃,-3℃,多云~晴,东北风,3级,198,中度污染,4
2018-12-04,4℃,-6℃,晴~多云,西北风,2级,61,良,2
2018-12-05,1℃,-4℃,阴~多云,东南风,1级,73,良,2
2018-12-06,-2℃,-9℃,晴,西北风,3级,40,优,1
2018-12-07,-4℃,-10℃,晴,西北风,3级,33,优,1
2018-12-08,-2℃,-10℃,晴~多云,西北风,2级,37,优,1
2018-12-09,-1℃,-10℃,多云~晴,东南风,1级,62,良,2
2018-12-10,1℃,-6℃,多云,东北风,1级,79,良,2
2018-12-11,-1℃,-10℃,晴,西北风,3级,56,良,2
2018-12-12,1℃,-8℃,晴,西南风,1级,50,优,1
2018-12-13,3℃,-7℃,晴,西北风,2级,42,优,1
2018-12-14,4℃,-6℃,晴,东南风,1级,68,良,2
2018-12-15,2℃,-6℃,霾,东南风,1级,117,轻度污染,3
2018-12-16,7℃,-4℃,晴,西北风,2级,108,轻度污染,3
2018-12-17,7℃,-5℃,晴,西北风,2级,47,优,1
2018-12-18,9℃,-4℃,晴,西北风,2级,53,良,2
2018-12-19,9℃,-5℃,晴~多云,西北风,1级,59,良,2
2018-12-20,6℃,-4℃,霾,东南风,1级,78,良,2
2018-12-21,10℃,-2℃,晴~多云,西北风,1级,98,良,2
2018-12-22,8℃,-6℃,多云,西北风,2级,106,轻度污染,3
2018-12-23,1℃,-9℃,晴,西北风,3级,106,轻度污染,3
2018-12-24,2℃,-8℃,晴,西南风,1级,106,轻度污染,3
2018-12-25,2℃,-9℃,晴,东北风,2级,94,良,2
2018-12-26,-2℃,-11℃,晴~多云,东北风,2级,26,优,1
2018-12-27,-5℃,-12℃,多云~晴,西北风,3级,48,优,1
2018-12-28,-3℃,-11℃,晴,西北风,3级,40,优,1
2018-12-29,-3℃,-12℃,晴,西北风,2级,29,优,1
2018-12-30,-2℃,-11℃,晴~多云,东北风,1级,31,优,1
2018-12-31,-2℃,-10℃,多云,东北风,1级,56,良,2
2019-01-01,1℃,-10℃,晴~多云,西北风,1级,56,良,2
2019-01-02,1℃,-9℃,多云,东北风,1级,60,良,2
2019-01-03,2℃,-7℃,霾,东北风,1级,165,中度污染,4
2019-01-04,2℃,-7℃,晴,西北风,2级,50,优,1
2019-01-05,0℃,-8℃,多云,东北风,2级,29,优,1
2019-01-06,3℃,-7℃,多云,东南风,1级,84,良,2
2019-01-07,2℃,-7℃,多云,西北风,2级,61,良,2
2019-01-08,1℃,-10℃,晴,西北风,2级,28,优,1
2019-01-09,3℃,-9℃,晴,西南风,1级,60,良,2
2019-01-10,4℃,-7℃,晴~多云,西南风,1级,105,轻度污染,3
2019-01-11,5℃,-7℃,霾,东北风,1级,133,轻度污染,3
2019-01-12,6℃,-5℃,霾,西南风,1级,229,重度污染,5
2019-01-13,6℃,-7℃,晴,东北风,1级,165,中度污染,4
2019-01-14,6℃,-8℃,霾~晴,西北风,2级,157,中度污染,4
2019-01-15,-2℃,-10℃,晴,西北风,3级,53,良,2
2019-01-16,2℃,-8℃,晴,西南风,1级,60,良,2
2019-01-17,5℃,-9℃,晴,西北风,1级,66,良,2
2019-01-18,6℃,-6℃,霾~多云,东北风,1级,92,良,2
2019-01-19,3℃,-6℃,多云,东北风,2级,35,优,1
2019-01-20,5℃,-7℃,晴,西北风,2级,30,优,1
2019-01-21,8℃,-4℃,晴,西北风,2级,52,良,2
2019-01-22,10℃,-3℃,晴,西北风,2级,60,良,2
2019-01-23,8℃,-6℃,晴,东北风,2级,48,优,1
2019-01-24,5℃,-5℃,多云,东北风,1级,78,良,2
2019-01-25,5℃,-6℃,晴,东北风,2级,35,优,1
2019-01-26,5℃,-5℃,晴~多云,东南风,1级,35,优,1
2019-01-27,7℃,-4℃,多云~晴,西北风,2级,95,良,2
2019-01-28,6℃,-4℃,晴~多云,西北风,1级,48,优,1
2019-01-29,7℃,-4℃,多云,东南风,1级,138,轻度污染,3
2019-01-30,5℃,-7℃,多云,东北风,3级,76,良,2
2019-01-31,2℃,-8℃,多云,西北风,2级,25,优,1
2019-02-01,6℃,-5℃,晴~多云,西南风,1级,69,良,2
2019-02-02,3℃,-4℃,多云,东北风,1级,137,轻度污染,3
2019-02-03,8℃,-7℃,多云~晴,西北风,2级,118,轻度污染,3
2019-02-04,4℃,-6℃,多云~晴,东北风,1级,76,良,2
2019-02-05,5℃,-5℃,晴~霾,东南风,2级,155,中度污染,4
2019-02-06,2℃,-7℃,霾,东南风,2级,88,良,2
2019-02-07,-2℃,-7℃,多云,东北风,3级,31,优,1
2019-02-08,-1℃,-7℃,多云,西南风,2级,42,优,1
2019-02-09,0℃,-8℃,多云,东北风,2级,24,优,1
2019-02-10,0℃,-8℃,多云,东南风,1级,38,优,1
2019-02-11,3℃,-6℃,多云,东北风,2级,56,良,2
2019-02-12,-3℃,-8℃,小雪~多云,东北风,2级,47,优,1
2019-02-13,1℃,-6℃,多云,东北风,2级,38,优,1
2019-02-14,-3℃,-6℃,小雪~多云,东南风,2级,71,良,2
2019-02-15,2℃,-7℃,晴,西北风,3级,30,优,1
2019-02-16,3℃,-6℃,晴,西北风,2级,23,优,1
2019-02-17,6℃,-5℃,晴~多云,西北风,2级,25,优,1
2019-02-18,4℃,-3℃,阴,东南风,1级,42,优,1
2019-02-19,7℃,-4℃,多云~晴,西北风,2级,117,轻度污染,3
2019-02-20,9℃,-4℃,晴,西北风,1级,50,优,1
2019-02-21,11℃,-2℃,晴~多云,东南风,1级,119,轻度污染,3
2019-02-22,11℃,-2℃,霾,东北风,1级,131,轻度污染,3
2019-02-23,12℃,-2℃,霾,西南风,1级,163,中度污染,4
2019-02-24,13℃,-1℃,晴~多云,东北风,2级,112,轻度污染,3
2019-02-25,10℃,-2℃,多云,东南风,1级,73,良,2
2019-02-26,10℃,-2℃,多云,东南风,2级,71,良,2
2019-02-27,12℃,-2℃,晴,东南风,1级,117,轻度污染,3
2019-02-28,14℃,-1℃,晴,西北风,1级,101,轻度污染,3
2019-03-01,15℃,1℃,晴~多云,东北风,1级,152,中度污染,4
2019-03-02,15℃,3℃,霾,西南风,2级,232,重度污染,5
2019-03-03,15℃,2℃,霾,西南风,1级,207,重度污染,5
2019-03-04,16℃,2℃,多云,东北风,1级,138,轻度污染,3
2019-03-05,17℃,4℃,多云~晴,西北风,3级,129,轻度污染,3
2019-03-06,11℃,-2℃,晴,西北风,3级,27,优,1
2019-03-07,13℃,-1℃,晴,西南风,2级,36,优,1
2019-03-08,13℃,3℃,多云,西南风,2级,82,良,2
2019-03-09,12℃,2℃,阴~多云,东北风,2级,109,轻度污染,3
2019-03-10,13℃,2℃,小雨~多云,东北风,2级,141,轻度污染,3
2019-03-11,16℃,1℃,晴,西北风,3级,54,良,2
2019-03-12,12℃,1℃,晴,西北风,3级,29,优,1
2019-03-13,16℃,2℃,多云,西北风,2级,31,优,1
2019-03-14,15℃,4℃,多云,西北风,3级,34,优,1
2019-03-15,13℃,0℃,多云,西北风,3级,45,优,1
2019-03-16,19℃,2℃,晴,西北风,2级,55,良,2
2019-03-17,20℃,4℃,晴,西南风,2级,74,良,2
2019-03-18,21℃,6℃,多云~晴,东南风,1级,126,轻度污染,3
2019-03-19,25℃,11℃,多云,西南风,2级,172,中度污染,4
2019-03-20,17℃,6℃,小雨,西南风,2级,96,良,2
2019-03-21,13℃,0℃,晴,西北风,4级,31,优,1
2019-03-22,15℃,3℃,晴,西北风,3级,32,优,1
2019-03-23,12℃,2℃,晴,西北风,3级,34,优,1
2019-03-24,19℃,4℃,晴,西南风,2级,69,良,2
2019-03-25,22℃,5℃,晴,西北风,2级,55,良,2
2019-03-26,19℃,4℃,晴,东北风,2级,81,良,2
2019-03-27,21℃,4℃,多云,东北风,2级,104,轻度污染,3
2019-03-28,11℃,2℃,多云,东南风,3级,61,良,2
2019-03-29,13℃,4℃,多云~晴,西北风,3级,76,良,2
2019-03-30,13℃,1℃,晴,西北风,4级,27,优,1
2019-03-31,16℃,2℃,多云~晴,西北风,2级,32,优,1
2019-04-01,16℃,4℃,晴,东南风,2级,37,优,1
2019-04-02,19℃,3℃,晴,东南风,2级,56,良,2
2019-04-03,21℃,6℃,晴,西南风,2级,78,良,2
2019-04-04,28℃,9℃,多云,西北风,3级,105,轻度污染,3
2019-04-05,21℃,8℃,晴~多云,东南风,3级,203,重度污染,5
2019-04-06,20℃,6℃,多云,东北风,2级,135,轻度污染,3
2019-04-07,19℃,7℃,多云,东南风,2级,78,良,2
2019-04-08,17℃,4℃,多云~小雨,东南风,2级,64,良,2
2019-04-09,9℃,2℃,小雨~多云,东北风,2级,39,优,1
2019-04-10,18℃,9℃,多云,西北风,2级,41,优,1
2019-04-11,19℃,6℃,多云,西南风,2级,66,良,2
2019-04-12,22℃,9℃,多云,西南风,3级,82,良,2
2019-04-13,23℃,7℃,多云,东北风,2级,120,轻度污染,3
2019-04-14,23℃,8℃,晴,西南风,3级,54,良,2
2019-04-15,26℃,11℃,多云,西南风,2级,76,良,2
2019-04-16,26℃,12℃,晴,东南风,2级,98,良,2
2019-04-17,28℃,16℃,霾~多云,西南风,3级,138,轻度污染,3
2019-04-18,24℃,10℃,多云,东北风,3级,121,轻度污染,3
2019-04-19,17℃,10℃,多云~小雨,东南风,2级,62,良,2
2019-04-20,15℃,8℃,小雨~多云,东南风,1级,55,良,2
2019-04-21,22℃,8℃,晴,东南风,2级,112,轻度污染,3
2019-04-22,26℃,15℃,晴~多云,西南风,2级,129,轻度污染,3
2019-04-23,28℃,15℃,多云,东南风,2级,128,轻度污染,3
2019-04-24,19℃,9℃,小雨,东北风,3级,63,良,2
2019-04-25,18℃,8℃,多云,东北风,2级,29,优,1
2019-04-26,21℃,10℃,晴~多云,西南风,2级,35,优,1
2019-04-27,16℃,6℃,小雨~多云,西南风,3级,57,良,2
2019-04-28,19℃,9℃,多云,西南风,2级,58,良,2
2019-04-29,23℃,13℃,多云,西南风,2级,113,轻度污染,3
2019-04-30,24℃,13℃,多云,西北风,3级,94,良,2
2019-05-01,27℃,10℃,晴,西北风,2级,39,优,1
2019-05-02,29℃,14℃,晴~多云,西南风,2级,54,良,2
2019-05-03,28℃,16℃,多云,西南风,2级,79,良,2
2019-05-04,26℃,15℃,阴~小雨,西南风,2级,80,良,2
2019-05-05,23℃,10℃,多云~晴,东北风,4级,50,优,1
2019-05-06,25℃,10℃,晴,西北风,2级,39,优,1
2019-05-07,28℃,14℃,晴~多云,西南风,2级,50,优,1
2019-05-08,25℃,13℃,多云~晴,西南风,2级,70,良,2
2019-05-09,30℃,14℃,晴,西北风,2级,64,良,2
2019-05-10,30℃,14℃,多云,东南风,2级,87,良,2
2019-05-11,29℃,14℃,多云,东南风,2级,104,轻度污染,3
2019-05-12,26℃,12℃,雷阵雨~晴,西北风,2级,161,中度污染,4
2019-05-13,26℃,12℃,晴,西南风,3级,58,良,2
2019-05-14,30℃,16℃,多云,东南风,2级,85,良,2
2019-05-15,28℃,16℃,雷阵雨~多云,西南风,2级,133,轻度污染,3
2019-05-16,32℃,17℃,晴,东南风,2级,105,轻度污染,3
2019-05-17,33℃,20℃,多云~阴,东南风,2级,118,轻度污染,3
2019-05-18,29℃,18℃,阴~小雨,东南风,2级,56,良,2
2019-05-19,28℃,13℃,多云~晴,西北风,4级,62,良,2
2019-05-20,26℃,13℃,晴,西北风,4级,45,优,1
2019-05-21,31℃,14℃,晴,西北风,2级,40,优,1
2019-05-22,35℃,18℃,晴,西北风,2级,54,良,2
2019-05-23,37℃,21℃,晴,东南风,2级,85,良,2
2019-05-24,35℃,21℃,多云,西南风,3级,88,良,2
2019-05-25,35℃,20℃,多云~雷阵雨,东南风,2级,99,良,2
2019-05-26,24℃,17℃,中雨~多云,东北风,3级,59,良,2
2019-05-27,29℃,15℃,晴,西北风,3级,30,优,1
2019-05-28,32℃,17℃,晴,西北风,2级,39,优,1
2019-05-29,33℃,22℃,晴~多云,东南风,2级,63,良,2
2019-05-30,30℃,15℃,多云~晴,西北风,3级,52,良,2
2019-05-31,30℃,19℃,晴~多云,西北风,2级,34,优,1
2019-06-01,30℃,18℃,雷阵雨~多云,东南风,2级,66,良,2
2019-06-02,32℃,19℃,多云,东南风,2级,75,良,2
2019-06-03,34℃,20℃,多云,北风,2级,62,良,2
2019-06-04,28℃,19℃,雷阵雨~小雨,东南风,2级,82,良,2
2019-06-05,31℃,19℃,多云~小雨,东南风,2级,69,良,2
2019-06-06,26℃,18℃,小雨~多云,东南风,2级,70,良,2
2019-06-07,31℃,21℃,多云~雷阵雨,西南风,2级,82,良,2
2019-06-08,34℃,20℃,多云~晴,西北风,2级,65,良,2
2019-06-09,31℃,18℃,多云~晴,东北风,3级,28,优,1
2019-06-10,33℃,18℃,晴,东北风,2级,61,良,2
2019-06-11,32℃,20℃,晴~多云,东南风,2级,75,良,2
2019-06-12,33℃,22℃,多云~雷阵雨,东南风,2级,69,良,2
2019-06-13,29℃,20℃,雷阵雨~晴,东北风,2级,58,良,2
2019-06-14,35℃,20℃,晴,东北风,2级,59,良,2
2019-06-15,32℃,19℃,多云~雷阵雨,东南风,2级,56,良,2
2019-06-16,25℃,18℃,雷阵雨~多云,东南风,2级,38,优,1
2019-06-17,29℃,20℃,多云,西南风,2级,72,良,2
2019-06-18,33℃,22℃,雷阵雨,西南风,2级,104,轻度污染,3
2019-06-19,33℃,22℃,多云,东南风,2级,105,轻度污染,3
2019-06-20,36℃,23℃,多云~晴,东南风,2级,103,轻度污染,3
2019-06-21,32℃,21℃,多云,东南风,2级,85,良,2
2019-06-22,34℃,22℃,晴,西南风,2级,59,良,2
2019-06-23,35℃,23℃,晴~多云,东南风,2级,93,良,2
2019-06-24,36℃,24℃,多云,东南风,2级,86,良,2
2019-06-25,36℃,24℃,多云,东南风,2级,98,良,2
2019-06-26,35℃,22℃,多云,东南风,2级,90,良,2
2019-06-27,33℃,23℃,多云~雷阵雨,西北风,2级,87,良,2
2019-06-28,32℃,22℃,多云,西南风,3级,56,良,2
2019-06-29,35℃,23℃,多云,西北风,3级,40,优,1
2019-06-30,32℃,21℃,晴,西北风,3级,27,优,1
2019-07-01,35℃,23℃,晴~多云,东北风,1级,36,优,1
2019-07-02,35℃,23℃,多云~晴,东南风,2级,64,良,2
2019-07-03,36℃,24℃,晴,东南风,1级,56,良,2
2019-07-04,38℃,25℃,晴~多云,西南风,2级,89,良,2
2019-07-05,33℃,22℃,雷阵雨,东北风,2级,53,良,2
2019-07-06,26℃,21℃,雷阵雨~中雨,东北风,3级,23,优,1
2019-07-07,28℃,20℃,小雨~多云,东北风,3级,28,优,1
2019-07-08,30℃,22℃,多云,东南风,2级,33,优,1
2019-07-09,29℃,21℃,雷阵雨~中雨,东南风,2级,47,优,1
2019-07-10,28℃,19℃,雷阵雨~多云,东北风,2级,66,良,2
2019-07-11,29℃,21℃,多云,东南风,2级,51,良,2
2019-07-12,33℃,22℃,多云~晴,西南风,1级,62,良,2
2019-07-13,33℃,23℃,雷阵雨~多云,东北风,1级,86,良,2
2019-07-14,33℃,23℃,雷阵雨~多云,东南风,2级,49,优,1
2019-07-15,35℃,24℃,晴~多云,东南风,2级,94,良,2
2019-07-16,33℃,24℃,多云~雷阵雨,东南风,2级,64,良,2
2019-07-17,30℃,23℃,雷阵雨,东南风,2级,67,良,2
2019-07-18,32℃,24℃,阴~多云,东南风,2级,89,良,2
2019-07-19,33℃,25℃,多云~雷阵雨,东南风,2级,81,良,2
2019-07-20,30℃,24℃,雷阵雨~多云,东南风,2级,80,良,2
2019-07-21,36℃,27℃,晴~多云,西南风,2级,102,轻度污染,3
2019-07-22,35℃,25℃,多云~中雨,西南风,2级,106,轻度污染,3
2019-07-23,34℃,25℃,晴,西南风,2级,58,良,2
2019-07-24,36℃,27℃,多云~雷阵雨,西南风,2级,64,良,2
2019-07-25,35℃,26℃,多云~晴,西南风,2级,66,良,2
2019-07-26,37℃,27℃,晴,西南风,2级,73,良,2
2019-07-27,36℃,27℃,多云,东南风,2级,133,轻度污染,3
2019-07-28,35℃,26℃,多云~雷阵雨,东南风,2级,77,良,2
2019-07-29,29℃,23℃,中雨~多云,东北风,2级,30,优,1
2019-07-30,34℃,24℃,多云~晴,西南风,2级,54,良,2
2019-07-31,35℃,24℃,晴~多云,东北风,2级,62,良,2
2019-08-01,32℃,24℃,中雨~雷阵雨,东南风,2级,74,良,2
2019-08-02,30℃,24℃,雷阵雨~小雨,东南风,2级,53,良,2
2019-08-03,31℃,24℃,阴,东南风,2级,62,良,2
2019-08-04,29℃,23℃,雷阵雨,东南风,1级,54,良,2
2019-08-05,28℃,24℃,中雨~雷阵雨,东南风,2级,48,优,1
2019-08-06,30℃,24℃,雷阵雨,东南风,2级,61,良,2
2019-08-07,29℃,23℃,雷阵雨,东南风,2级,39,优,1
2019-08-08,32℃,25℃,多云~雷阵雨,东南风,2级,53,良,2
2019-08-09,30℃,23℃,雷阵雨~中雨,西南风,2级,65,良,2
2019-08-10,29℃,23℃,雷阵雨,东南风,2级,32,优,1
2019-08-11,28℃,24℃,中雨~小雨,东北风,2级,30,优,1
2019-08-12,30℃,23℃,中雨~小雨,东北风,3级,22,优,1
2019-08-13,31℃,22℃,阴~多云,西北风,2级,20,优,1
2019-08-14,32℃,21℃,多云~晴,东南风,2级,32,优,1
2019-08-15,32℃,22℃,雷阵雨~中雨,西南风,2级,49,优,1
2019-08-16,31℃,22℃,晴,西北风,3级,27,优,1
2019-08-17,31℃,19℃,晴,西北风,3级,26,优,1
2019-08-18,31℃,21℃,晴,西南风,2级,42,优,1
2019-08-19,31℃,22℃,多云,西南风,2级,75,良,2
2019-08-20,27℃,19℃,小雨~多云,东南风,2级,71,良,2
2019-08-21,31℃,21℃,晴,西北风,2级,46,优,1
2019-08-22,32℃,20℃,晴~多云,西北风,2级,34,优,1
2019-08-23,30℃,19℃,多云,西北风,2级,33,优,1
2019-08-24,30℃,18℃,晴,西南风,2级,50,优,1
2019-08-25,30℃,20℃,晴~多云,西南风,2级,53,良,2
2019-08-26,29℃,19℃,多云,西南风,2级,94,良,2
2019-08-27,33℃,20℃,晴,西北风,2级,58,良,2
2019-08-28,31℃,20℃,多云~晴,西北风,3级,26,优,1
2019-08-29,30℃,20℃,多云~晴,西北风,3级,21,优,1
2019-08-30,30℃,18℃,晴,西北风,2级,25,优,1
2019-08-31,32℃,18℃,晴,东南风,2级,42,优,1
2019-09-01,33℃,19℃,多云~晴,西南风,2级,56,良,2
2019-09-02,34℃,20℃,晴,南风,2级,67,良,2
2019-09-03,33℃,20℃,晴,东南风,2级,88,良,2
2019-09-04,32℃,19℃,晴,东南风,2级,91,良,2
2019-09-05,33℃,20℃,晴,东南风,2级,82,良,2
2019-09-06,33℃,20℃,晴,东南风,1级,86,良,2
2019-09-07,34℃,21℃,晴,西南风,2级,90,良,2
2019-09-08,35℃,22℃,晴~多云,东北风,2级,71,良,2
2019-09-09,32℃,21℃,小雨,东北风,2级,97,良,2
2019-09-10,25℃,18℃,小雨~阴,东北风,2级,22,优,1
2019-09-11,24℃,18℃,多云,西南风,2级,26,优,1
2019-09-12,25℃,18℃,阴~中雨,西南风,2级,31,优,1
2019-09-13,26℃,18℃,小雨~多云,西北风,2级,42,优,1
2019-09-14,29℃,17℃,晴~多云,西南风,2级,29,优,1
2019-09-15,28℃,17℃,多云,西南风,2级,51,良,2
2019-09-16,26℃,17℃,多云,东南风,2级,43,优,1
2019-09-17,28℃,16℃,多云~晴,西南风,2级,55,良,2
2019-09-18,24℃,14℃,晴~多云,东南风,2级,26,优,1
2019-09-19,25℃,16℃,多云~阴,西南风,1级,56,良,2
2019-09-20,27℃,16℃,多云,西北风,1级,61,良,2
2019-09-21,27℃,16℃,多云~晴,东北风,2级,88,良,2
2019-09-22,27℃,16℃,晴,东南风,1级,116,轻度污染,3
2019-09-23,30℃,17℃,晴,西北风,2级,58,良,2
2019-09-24,31℃,15℃,晴,东北风,2级,38,优,1
2019-09-25,31℃,16℃,晴,西南风,2级,54,良,2
2019-09-26,30℃,15℃,晴,东南风,1级,64,良,2
2019-09-27,29℃,15℃,晴,东南风,2级,79,良,2
2019-09-28,30℃,17℃,晴,西南风,1级,84,良,2
2019-09-29,29℃,18℃,多云,东南风,1级,95,良,2
2019-09-30,30℃,19℃,多云~晴,西南风,2级,104,轻度污染,3
2019-10-01,30℃,20℃,多云,西南风,2级,84,良,2
2019-10-02,29℃,17℃,晴~多云,东南风,2级,74,良,2
2019-10-03,29℃,13℃,多云~小雨,东南风,2级,86,良,2
2019-10-04,15℃,9℃,小雨~晴,东南风,2级,34,优,1
2019-10-05,19℃,9℃,晴~多云,东北风,2级,17,优,1
2019-10-06,19℃,9℃,多云,西南风,2级,34,优,1
2019-10-07,24℃,10℃,晴,西北风,2级,64,良,2
2019-10-08,20℃,9℃,晴,西北风,3级,26,优,1
2019-10-09,22℃,11℃,多云,西南风,2级,55,良,2
2019-10-10,22℃,12℃,多云,东南风,2级,63,良,2
2019-10-11,18℃,13℃,阴~多云,东南风,2级,62,良,2
2019-10-12,18℃,9℃,多云~小雨,东南风,2级,59,良,2
2019-10-13,12℃,5℃,小雨~多云,东南风,2级,52,良,2
2019-10-14,16℃,4℃,晴,西北风,2级,22,优,1
2019-10-15,17℃,6℃,晴~多云,西南风,1级,35,优,1
2019-10-16,15℃,9℃,阴~小雨,西南风,2级,48,优,1
2019-10-17,14℃,7℃,小雨~多云,东南风,1级,80,良,2
2019-10-18,18℃,7℃,多云,西南风,1级,83,良,2
2019-10-19,20℃,10℃,多云,西南风,1级,165,中度污染,4
2019-10-20,22℃,7℃,晴,西北风,3级,148,轻度污染,3
2019-10-21,19℃,6℃,晴,东南风,2级,45,优,1
2019-10-22,20℃,7℃,晴,东北风,1级,77,良,2
2019-10-23,21℃,11℃,多云,东北风,1级,104,轻度污染,3
2019-10-24,16℃,7℃,小雨~多云,西北风,2级,108,轻度污染,3
2019-10-25,14℃,2℃,晴,西北风,3级,17,优,1
2019-10-26,16℃,3℃,晴,西南风,2级,45,优,1
2019-10-27,18℃,5℃,晴~多云,西南风,1级,69,良,2
2019-10-28,15℃,2℃,晴,西北风,4级,128,轻度污染,3
2019-10-29,16℃,3℃,晴,西南风,1级,64,良,2
2019-10-30,20℃,5℃,晴,西南风,1级,83,良,2
2019-10-31,22℃,4℃,晴,东北风,2级,70,良,2
2019-11-01,18℃,8℃,多云~小雨,东南风,2级,65,良,2
2019-11-02,13℃,8℃,小雨,东北风,1级,53,良,2
2019-11-03,14℃,4℃,多云~晴,东南风,2级,53,良,2
2019-11-04,16℃,5℃,晴,西南风,1级,70,良,2
2019-11-05,16℃,6℃,晴~多云,东南风,2级,76,良,2
2019-11-06,16℃,5℃,多云~晴,东南风,1级,66,良,2
2019-11-07,12℃,1℃,晴,东南风,2级,53,良,2
2019-11-08,15℃,2℃,晴~多云,西北风,1级,65,良,2
2019-11-09,14℃,6℃,多云~中雨,东北风,1级,109,轻度污染,3
2019-11-10,17℃,6℃,多云~晴,西北风,4级,90,良,2
2019-11-11,16℃,4℃,晴,西北风,2级,48,优,1
2019-11-12,18℃,5℃,多云,西北风,1级,80,良,2
2019-11-13,8℃,-4℃,晴,西北风,4级,51,良,2
2019-11-14,10℃,-2℃,晴,东南风,1级,51,良,2
2019-11-15,9℃,1℃,晴,东南风,2级,64,良,2
2019-11-16,9℃,4℃,多云~小雨,东南风,2级,65,良,2
2019-11-17,12℃,-4℃,多云~晴,西北风,3级,158,中度污染,4
2019-11-18,4℃,-5℃,晴,西北风,3级,77,良,2
2019-11-19,7℃,-3℃,多云,西南风,2级,56,良,2
2019-11-20,7℃,-2℃,晴,东北风,1级,89,良,2
2019-11-21,9℃,-1℃,晴~多云,东北风,1级,115,轻度污染,3
2019-11-22,10℃,2℃,多云~阴,东北风,1级,178,中度污染,4
2019-11-23,12℃,4℃,阴~多云,西北风,2级,190,中度污染,4
2019-11-24,6℃,-5℃,晴,西北风,4级,30,优,1
2019-11-25,3℃,-5℃,晴,西南风,2级,27,优,1
2019-11-26,5℃,-4℃,晴,西北风,1级,64,良,2
2019-11-27,4℃,-6℃,晴,东北风,2级,26,优,1
2019-11-28,3℃,-5℃,晴~多云,东北风,1级,59,良,2
2019-11-29,3℃,-4℃,小雪,东南风,1级,76,良,2
2019-11-30,5℃,-5℃,多云~晴,西北风,2级,74,良,2
2019-12-01,4℃,-5℃,晴,西北风,2级,32,优,1
2019-12-02,4℃,-5℃,晴,西南风,2级,25,优,1
2019-12-03,7℃,-4℃,晴,西北风,2级,45,优,1
2019-12-04,8℃,-5℃,晴,西北风,2级,30,优,1
2019-12-05,2℃,-6℃,晴,东北风,2级,37,优,1
2019-12-06,4℃,-5℃,晴,西北风,1级,73,良,2
2019-12-07,6℃,-6℃,晴~多云,东北风,1级,66,良,2
2019-12-08,5℃,-5℃,多云,东北风,1级,181,中度污染,4
2019-12-09,3℃,-5℃,霾~雾,西北风,1级,224,重度污染,5
2019-12-10,9℃,-3℃,雾~晴,西北风,3级,148,轻度污染,3
2019-12-11,4℃,-6℃,晴,西北风,3级,27,优,1
2019-12-12,5℃,-5℃,晴,西北风,1级,35,优,1
2019-12-13,10℃,-5℃,晴,西北风,2级,48,优,1
2019-12-14,5℃,-3℃,晴~多云,东北风,1级,24,优,1
2019-12-15,3℃,-2℃,多云~中雪,东北风,1级,67,良,2
2019-12-16,2℃,-4℃,小雪~多云,东北风,1级,91,良,2
2019-12-17,6℃,-7℃,晴,西北风,3级,25,优,1
2019-12-18,2℃,-6℃,晴,东北风,1级,26,优,1
2019-12-19,2℃,-9℃,晴,西北风,3级,27,优,1
2019-12-20,3℃,-7℃,晴,东北风,1级,33,优,1
2019-12-21,4℃,-6℃,多云,东北风,1级,63,良,2
2019-12-22,5℃,-5℃,多云~晴,东北风,1级,90,良,2
2019-12-23,3℃,-4℃,多云~阴,东北风,2级,59,良,2
2019-12-24,1℃,-6℃,小雪~多云,东南风,1级,110,轻度污染,3
2019-12-25,5℃,-6℃,多云,东北风,2级,85,良,2
2019-12-26,4℃,-7℃,多云~晴,西北风,2级,41,优,1
2019-12-27,4℃,-6℃,晴,东北风,1级,69,良,2
2019-12-28,3℃,-7℃,晴~多云,东北风,1级,100,良,2
2019-12-29,5℃,-7℃,多云~晴,西北风,3级,133,轻度污染,3
2019-12-30,-5℃,-12℃,晴,西北风,4级,37,优,1
2019-12-31,-3℃,-10℃,晴,西北风,1级,36,优,1
